{
  "mse": 0.7718642320102347,
  "rmse": 0.8785580413440165,
  "mae": 0.6745771108211629,
  "r2_score": 0.22881164332464854,
  "evaluation_date": "2025-09-10T21:48:22.133571"
}